SerialNumber,Capacity
CZJ9430HDN,457.83
CZJ9430HFR,457.83
CZJ03707R2,457.83
CZJ9430HDX,457.83
CZJ042019M,457.821
CZJ9430HFX,457.83
CZJ00800FX,457.83
CZJ03707R4,457.83
CZJ03707RB,457.83
CZJ03707QZ,457.83
CZJ93401BC,457.83
CZJ9430HFM,457.83
CZJ0200BT1,457.83
CZJ03504LN,457.83
CZJ03504LH,457.83
CZJ9430HF6,457.83
CZJ042019N,457.821
CZJ03707RD,457.83
CZJ93401BJ,457.83
CZJ9430HF2,457.83
CZJ03707RK,457.83
CZJ03707R0,457.83
CZJ03504L5,457.83
CZJ9430HDM,457.83
CZJ03707QJ,457.83
CZJ03504LT,457.83
CZJ03504L7,457.83
CZJ9430HDL,457.83
CZJ0200BSZ,457.821
CZJ901009J,457.83
CZJ9430HFG,457.83
CZJ03504L0,457.83
CZJ9430HFC,457.83
CZJ0200BSW,457.821
CZJ901009P,457.83
CZJ9430HDT,457.83
CZJ9430HFJ,457.83
CZJ9430HFY,457.83
CZJ03504L3,457.83
CZJ03504L2,457.83
CZJ0200BSN,457.821
CZJ85005BR,457.83
CZJ03504LL,457.83
CZJ9430HDV,457.83
CZJ03504LR,457.83
CZJ03504LM,457.83
CZJ9430HFV,457.83
CZJ901009G,457.83
CZJ9430HDP,457.83
CZJ9430HFQ,457.83
CZJ00800FZ,457.83
CZJ0200BSP,457.821
CZJ0200BSY,457.821
CZJ9430HF7,457.83
CZJ03707RP,457.83
CZJ0200BSQ,457.821
CZJ9430HDY,457.83
CZJ03707RR,457.83
CZJ934026M,457.83
CZJ0200BSR,457.821
CZJ9430HFF,457.83
CZJ0200BSX,457.821
CZJ03707RJ,457.83
CZJ03707RH,457.83
CZJ934026L,457.83
CZJ00800FW,457.83
CZJ9430HF5,457.83
CZJ11300P9,457.821
CZJ11300PB,457.821
CZJ11300PC,457.821
CZJ11300PF,457.821
CZJ11300PD,457.821
CZJ11300PG,457.821
CZJ11300PH,457.821
CZJ11300PJ,457.821
CZJ11300P1,457.821
CZJ11300P2,457.821
CZJ11300P3,457.821
CZJ11300P4,457.821
CZJ11300P5,457.821
CZJ11300P6,457.821
CZJ11300P7,457.821
CZJ11300P8,457.821
CZJ0070731,457.83
CZJ007073D,457.83
CZJ007073D,915.66
CZJ007073D,457.83
CZJ007072N,457.83
CZJ007072T,457.83
CZJ007072Y,457.83
CZJ0070734,457.83
CZJ0070739,457.83
CZJ007072G,457.83
CZJ007072J,457.83
CZJ007072W,457.83
CZJ007073G,457.83
CZJ007073G,915.66
CZJ007073G,457.83
CZJ007072K,457.83
CZJ007072R,457.83
CZJ0070738,457.83
CZJ007072V,457.83
CZJ007072M,457.83
CZJ007072M,915.66
CZJ007072M,457.83
CZJ0070733,457.83
CZJ007072P,457.83
CZJ0070730,457.83
CZJ0070732,457.83
CZJ007072Q,457.83
CZJ007072Q,915.66
CZJ007072Q,457.83
CZJ007073F,457.83
CZJ007073C,457.83
CZJ007072X,457.83
CZJ007072F,457.83
CZJ007072H,457.83
CZJ0070737,457.83
CZJ007072Z,457.83
CZJ007072Z,915.66
CZJ007072Z,457.83
CZJ007072D,457.83
CZJ0070736,457.83
CZJ007073H,457.83
CZJ007073B,457.83
CZJ0070735,457.83
CZJ007072L,457.83
CZJ007072S,457.83
CZJ85005BN,457.83
CZJ0200BT5,457.83
CZJ0180345,457.821
CZJ018033Y,457.83
CZJ0200BTH,457.83
CZJ9430M0M,1831.388
CZJ9100837,457.83
CZJ244050J,572.293
CZJ85005BK,457.83
CZJ0200BTK,457.83
CZJ018033Z,457.821
CZJ0180340,457.821
CZJ0200BTJ,457.83
CZJ85005B8,457.83
CZJ910051W,1526.153
CZJ9430HHY,1831.388
CZJ85005BP,457.83
CZJ00607BC,457.83
CZJ0180342,457.821
CZJ0180344,457.821
CZJ85005B7,457.83
CZJ9430HHW,1831.388
CZJ244050H,572.293
CZJ901009L,457.83
CZJ042019Q,457.83
CZJ0180343,457.83
CZJ0180341,457.821
CZJ901009D,457.83
CZJ9100836,457.83
CZJ11003K4,457.821
CZJ11003K5,457.821
CZJ03504L9,457.821
CZJ00607BD,457.83
CZJ11003K6,457.821
CZJ11003K7,457.821
CZJ0200BTL,457.83
CZJ11003K0,457.821
CZJ11003K1,457.821
CZJ042019P,457.83
CZJ11003K2,457.821
CZJ11003K3,457.821
CZJ901009K,457.83
CZJ0200BSS,457.83
CZJ01802BY,457.821
CZJ01802BT,457.821
CZJ0200BSM,457.83
CZJ9430HJ0,1831.388
CZJ910051T,457.83
CZJ24406M8,572.293
CZJ901009N,457.83
CZJ0200BT3,457.83
CZJ01802C1,457.821
CZJ01802C0,457.821
CZJ0200BST,457.83
CZJ901009C,457.83
CZJ910051V,1526.153
CZJ9430M0L,1831.388
CZJ85005BS,457.83
CZJ0200BT0,457.83
CZJ01802BW,457.821
CZJ01802BV,457.821
CZJ0200BSV,457.83
CZJ9430HHZ,1831.388
CZJ901009H,457.83
CZJ0200BT1,457.83
CZJ01802BX,457.821
CZJ01802BZ,457.821
CZJ0200BT2,457.83
CZJ901009F,457.83
CZJ9100838,457.83
CZJ11300NX,457.821
CZJ11300NY,457.821
CZJ00800G1,457.83
CZJ11300NZ,457.821
CZJ11300P0,457.821
CZJ00800G0,457.83
CZJ11300NS,457.821
CZJ11300NT,457.821
CZJ00800G2,457.83
CZJ11300NV,457.821
CZJ11300NW,457.821
2M201106KS,763.065
2M201106KS,297548.992
2M201106KS,297548.992
2M201106KT,763.065
2M201106KT,297548.992
2M201106KT,297548.992
2M201106KV,763.065
2M201106KV,297548.992
2M201106KV,297548.992
2M201106KW,763.065
2M201106KW,297548.992
2M201106KW,297548.992
2M201805D8,763.065
2M201805D8,297548.992
2M201805D8,297548.992
2M26180199,429.056
2M283601QJ,1526.153
2M28160458,457.821
2M28020140,429.056
2M28020143,429.056
2M271101ZC,429.056
2M283601R6,1526.153
2M274001Q2,429.056
2M261801G3,429.056
2M283601QG,1526.153
2M283601QF,1526.153
2M28020141,429.056
2M283601R5,1526.153
2M28160459,457.821
2M28020142,429.056
2M271101Z8,429.056
2M262107GH,429.056
2M28510294,457.83
2M2851028S,457.83
2M2726025T,429.056
2M261204N7,285.696
2M2851028V,457.83
2M2851025R,457.83
2M2822029C,457.83
2M283601QH,1526.153
2M292102TZ,572.293
2M281403L9,915.683
2M281403LB,915.683
2M281403LD,915.683
2M292102V1,572.293
2M281403LG,915.683
2M2911037G,457.83
2M29110378,457.83
2M2911037R,457.83
2M29110377,457.83
2M281403LL,915.683
2M292102V0,572.293
2M2911037M,457.83
2M281403LS,915.683
2M281403LT,915.683
2M281403LW,915.683
2M281403LY,915.683
2M2911037C,457.83
2M2911037Q,457.83
2M29110379,457.83
2M29110374,457.83
2M281403M4,915.683
2M283601QL,1526.153
2M28510290,457.83
2M2851028W,457.83
2M2851028Y,457.83
2M28510295,457.83
MXQ80203Q1,3051.52
MXQ80203Q1,36627.456
MXQ80203Q1,457.728
MXQ80203Q2,3051.52
MXQ80203Q2,36627.456
MXQ80203Q2,457.728
MXQ80203Q3,3051.52
MXQ80203Q3,36627.456
MXQ80203Q3,457.728
MXQ80203Q4,3051.52
MXQ80203Q4,36627.456
MXQ80203Q4,457.728
MXQ80203Q5,3051.52
MXQ80203Q5,36627.456
MXQ80203Q5,457.728
MXQ80203Q0,3051.52
MXQ80203Q0,36627.456
MXQ80203Q0,457.728
MXQ80203PW,3051.52
MXQ80203PW,36627.456
MXQ80203PW,457.728
MXQ80203PX,3051.52
MXQ80203PX,36627.456
MXQ80203PX,457.728
MXQ80203PY,3051.52
MXQ80203PY,36627.456
MXQ80203PY,457.728
MXQ80203PZ,3051.52
MXQ80203PZ,36627.456
MXQ80203PZ,457.728
MXQ80203Q6,3051.52
MXQ80203Q6,36627.456
MXQ80203Q6,457.728
MXQ80203Q7,3051.52
MXQ80203Q7,36627.456
MXQ80203Q7,457.728
MXQ80203Q8,3051.52
MXQ80203Q8,36627.456
MXQ80203Q8,457.728
MXQ80203Q9,3051.52
MXQ80203Q9,36627.456
MXQ80203Q9,457.728
MXQ80203QB,3051.52
MXQ80203QB,36627.456
MXQ80203QB,457.728
MXQ80203QC,3051.52
MXQ80203QC,36627.456
MXQ80203QC,457.728
MXQ80203QD,3051.52
MXQ80203QD,36627.456
MXQ80203QD,457.728
MXQ80203QF,3051.52
MXQ80203QF,36627.456
MXQ80203QF,457.728
MXQ80203QG,3051.52
MXQ80203QG,36627.456
MXQ80203QG,457.728
MXQ80203QH,3051.52
MXQ80203QH,36627.456
MXQ80203QH,457.728
2M284900VC,3052.328
2M284900VC,41206.32
2M284900VC,457.83
2M284900VD,3052.328
2M284900VD,41206.32
2M284900VD,457.83
2M284900V9,3052.328
2M284900V9,41206.32
2M284900V9,457.83
2M284900VB,3052.328
2M284900VB,41206.32
2M284900VB,457.83
2M284900V4,3052.328
2M284900V4,41206.32
2M284900V4,457.83
2M284900V8,3052.328
2M284900V8,41206.32
2M284900V8,457.83
2M284900V7,3052.328
2M284900V7,41206.32
2M284900V7,457.83
2M284900V0,3052.328
2M284900V0,41206.32
2M284900V0,457.83
2M284900TX,3052.328
2M284900TX,41206.32
2M284900TX,457.83
2M284900V5,3052.328
2M284900V5,41206.32
2M284900V5,457.83
2M284900TT,3052.328
2M284900TT,41206.32
2M284900TT,457.83
2M284900V6,3052.328
2M284900V6,41206.32
2M284900V6,457.83
2M284900TY,3052.328
2M284900TY,41206.32
2M284900TY,457.83
2M284900V1,3052.328
2M284900V1,41206.32
2M284900V1,457.83
2M284900TS,3052.328
2M284900TS,41206.32
2M284900TS,457.83
2M284900V3,3052.328
2M284900V3,41206.32
2M284900V3,457.83
2M284900TV,3052.328
2M284900TV,41206.32
2M284900TV,457.83
2M284900TW,3052.328
2M284900TW,41206.32
2M284900TW,457.83
2M284900TZ,3052.328
2M284900TZ,41206.32
2M284900TZ,457.83
2M284900V2,41206.32
2M284900V2,3052.328
2M284900V2,457.83
2M254117NW,285.696
2M291200W4,457.83
2M281603S8,915.683
2M281603S9,915.683
2M281403M2,915.683
2M291200W0,457.83
2M2837024Z,457.83
2M2802039X,429.056
2M292301WZ,572.293
2M251402Z9,285.696
2M291200W5,457.83
2M291200VZ,457.83
2M290605L5,915.683
2M2851028N,457.83
2M281603SC,915.683
2M292301X0,572.293
2M2851028J,457.83
2M2851028P,457.83
2M2851028K,457.83
2M28370251,457.83
2M2802039Z,429.056
2M291200W2,457.83
MXQ91300W5,457.83
MXQ02705LY,457.83
MXQ0490CB2,457.821
MXQ0490CB1,457.821
MXQ91300W2,457.83
MXQ91300V8,457.83
MXQ00900QB,457.83
MXQ91300W0,457.83
MXQ02705LW,457.83
MXQ0490C9Y,457.83
MXQ0490CB0,457.821
MXQ91300W3,457.83
MXQ91300VB,457.83
MXQ02705LV,457.83
MXQ91300W1,457.83
MXQ02705M2,457.83
MXQ0490CB3,457.83
MXQ0490CB4,457.821
MXQ91300W4,457.83
MXQ91300V7,1526.153
MXQ925030H,572.293
MXQ02705LX,457.83
MXQ91300VY,457.83
MXQ02705M0,457.83
MXQ0490CB5,457.821
MXQ0490C9Z,457.821
MXQ91300VZ,457.83
MXQ914026L,457.83
MXQ02750M1,457.83
MXQ91206Y3,457.83
MXQ00900R0,457.83
MXQ0490D50,457.821
MXQ0490C9T,457.821
MXQ91206XY,457.83
MXQ91300VC,457.83
MXQ91206Y0,457.83
MXQ00900QW,457.83
MXQ0490D51,457.821
MXQ0490D4Z,457.821
MXQ91206XZ,457.83
MXQ91300VF,457.83
MXQ00900RG,457.83
MXQ91206Y1,457.83
MXQ00900RF,457.83
MXQ0490C9X,457.821
MXQ0490C9V,457.821
MXQ91206Y4,457.83
MXQ91300VG,1526.153
MXQ00900R5,457.83
MXQ00900QR,457.83
MXQ91206XX,457.83
MXQ0490C9W,457.821
MXQ0490D52,457.821
MXQ91206Y2,457.83
MXQ91300VD,1526.153
MXQ00900QL,457.83
MXQ00900R2,457.83
